id_transaksi,tanggal,id_produk,jumlah,id_pelanggan
1,2025-06-21,41,3,88
2,2025-01-03,28,10,9
3,2025-02-09,25,7,77
4,2025-04-16,30,9,33
5,2025-01-08,36,1,88
6,2025-04-30,47,2,88
7,2025-05-04,35,5,99
8,2025-03-16,42,6,15
9,2025-04-25,19,7,21
10,2025-02-04,30,1,93
11,2025-03-10,47,5,65
12,2025-06-13,49,3,65
13,2025-06-09,7,5,82
14,2025-03-19,33,10,26
15,2025-05-13,10,6,98
16,2025-04-02,11,9,100
17,2025-04-17,34,1,77
18,2025-03-04,21,8,3
19,2025-06-06,8,6,40
20,2025-02-13,16,1,31
21,2024-12-30,37,2,11
22,2025-06-05,47,8,9
23,2025-05-16,49,9,99
24,2025-06-24,9,3,85
25,2025-01-02,31,9,22
26,2025-03-15,17,9,78
27,2025-05-17,28,4,70
28,2025-01-10,49,4,92
29,2024-12-27,20,7,86
30,2025-03-26,42,6,57
31,2025-05-05,34,8,16
32,2025-03-05,16,4,9
33,2025-04-07,22,1,76
34,2025-02-02,36,4,76
35,2025-02-05,15,1,10
36,2025-02-16,46,1,30
37,2025-04-02,5,1,43
38,2025-01-15,5,9,31
39,2025-05-15,18,8,28
40,2025-06-07,35,3,93
41,2025-05-23,37,10,61
42,2025-01-22,16,8,53
43,2025-01-24,13,2,13
44,2024-12-29,43,7,46
45,2025-02-01,28,7,60
46,2025-02-02,47,1,87
47,2025-04-01,42,2,8
48,2025-04-24,26,6,14
49,2025-03-20,16,4,25
50,2025-05-12,35,8,18
51,2025-03-21,28,3,36
52,2025-04-21,30,4,10
53,2025-04-09,29,9,13
54,2025-03-19,4,9,2
55,2025-01-11,6,4,22
56,2025-06-07,27,8,62
57,2025-03-15,14,7,8
58,2025-05-27,11,7,1
59,2025-02-25,25,5,59
60,2025-05-09,19,7,90
61,2024-12-31,47,9,85
62,2025-06-05,46,8,20
63,2025-05-24,13,5,28
64,2025-06-03,4,10,95
65,2025-04-22,35,1,96
66,2025-04-06,21,1,7
67,2025-02-15,38,8,65
68,2025-03-09,34,3,8
69,2025-03-10,33,2,24
70,2025-04-22,5,10,9
71,2025-03-11,44,4,52
72,2025-01-18,8,10,32
73,2025-02-02,38,10,6
74,2025-06-22,40,2,54
75,2025-03-23,43,10,73
76,2025-02-18,34,6,34
77,2025-06-15,14,6,31
78,2025-05-24,17,7,17
79,2025-01-20,43,5,59
80,2025-01-10,21,2,2
81,2025-05-07,30,10,73
82,2025-01-16,7,2,69
83,2025-04-01,14,9,34
84,2025-04-16,9,6,9
85,2025-01-27,16,6,37
86,2025-04-03,11,8,70
87,2025-04-01,46,5,79
88,2025-04-24,42,9,2
89,2025-02-19,43,9,39
90,2025-04-23,43,2,18
91,2025-06-01,17,2,14
92,2025-01-06,48,9,20
93,2025-03-17,18,5,78
94,2025-03-23,14,6,27
95,2025-04-11,44,5,65
96,2025-03-03,32,5,7
97,2025-05-03,6,7,36
98,2025-01-19,3,1,43
99,2025-03-12,50,3,82
100,2025-02-28,17,3,95
101,2025-05-30,29,9,91
102,2025-03-05,28,9,2
103,2025-05-08,8,2,89
104,2025-06-18,10,9,5
105,2025-06-01,24,10,71
106,2025-04-27,10,7,17
107,2025-01-13,3,5,47
108,2025-01-30,3,6,27
109,2024-12-27,44,4,86
110,2025-06-07,7,6,100
111,2025-06-20,36,7,80
112,2025-02-03,48,3,31
113,2025-06-05,11,3,53
114,2025-06-22,2,3,95
115,2025-03-17,22,7,86
116,2025-06-01,48,4,35
117,2025-03-05,11,2,49
118,2025-04-19,3,8,29
119,2025-02-25,13,8,45
120,2024-12-28,20,4,29
121,2025-01-08,2,4,52
122,2025-06-24,22,5,9
123,2025-05-11,50,5,45
124,2025-06-09,42,9,52
125,2025-05-24,44,9,43
126,2025-01-10,2,2,34
127,2025-04-02,12,10,34
128,2025-04-08,3,2,77
129,2025-05-09,28,6,94
130,2025-02-06,21,7,78
131,2025-01-17,33,2,50
132,2025-01-08,37,4,33
133,2025-05-13,3,7,1
134,2025-03-21,34,9,88
135,2025-02-01,47,4,47
136,2025-06-12,28,2,86
137,2025-01-28,22,10,41
138,2025-01-19,43,2,93
139,2025-03-21,20,9,40
140,2025-05-01,43,7,42
141,2025-05-12,26,5,71
142,2025-05-20,9,4,54
143,2025-05-17,43,7,87
144,2025-01-06,48,3,79
145,2025-06-11,37,5,52
146,2025-02-07,36,1,39
147,2025-04-26,19,4,56
148,2025-03-29,38,10,84
149,2025-02-24,21,8,57
150,2025-05-10,29,4,66
151,2025-01-05,31,3,85
152,2025-01-04,6,5,66
153,2025-01-23,43,10,43
154,2025-05-12,6,4,87
155,2025-02-28,20,4,26
156,2025-03-02,10,1,6
157,2025-05-29,16,8,79
158,2025-03-30,50,2,59
159,2025-01-27,27,10,25
160,2025-06-23,46,7,64
161,2025-04-02,26,4,19
162,2025-02-17,42,1,97
163,2025-05-06,50,2,100
164,2025-01-13,28,4,23
165,2025-01-09,45,9,60
166,2025-01-21,4,9,32
167,2025-01-09,8,8,18
168,2024-12-25,30,9,72
169,2025-01-28,39,6,97
170,2025-04-14,29,10,93
171,2025-02-16,33,7,71
172,2025-04-02,29,3,96
173,2025-06-01,31,8,34
174,2025-03-01,49,4,82
175,2025-04-21,18,9,63
176,2025-01-09,41,4,36
177,2025-01-24,29,2,92
178,2025-06-18,19,4,35
179,2025-02-12,22,6,70
180,2025-01-28,6,3,20
181,2025-01-24,15,7,89
182,2025-02-13,10,4,9
183,2025-01-29,27,7,43
184,2025-06-18,35,8,54
185,2025-05-24,4,4,54
186,2025-04-11,25,10,90
187,2025-03-31,2,10,49
188,2025-05-01,31,1,46
189,2025-01-25,20,7,54
190,2025-04-16,35,9,78
191,2025-05-14,15,8,29
192,2025-03-22,18,7,63
193,2025-01-08,2,7,44
194,2025-02-03,43,7,93
195,2025-06-14,11,8,17
196,2025-02-21,40,9,4
197,2025-03-16,26,10,73
198,2025-01-17,43,1,11
199,2025-04-19,42,7,18
200,2025-04-12,30,3,7
201,2025-02-07,17,7,42
202,2025-03-22,14,8,42
203,2025-06-22,22,7,36
204,2025-05-01,49,7,33
205,2025-01-28,6,8,3
206,2025-02-18,48,9,7
207,2025-01-05,23,4,84
208,2025-02-09,5,1,97
209,2025-02-07,2,4,26
210,2025-01-10,2,10,20
211,2025-02-07,16,3,61
212,2025-04-14,43,2,73
213,2024-12-25,14,8,90
214,2025-01-11,17,6,22
215,2025-01-15,39,10,96
216,2025-03-02,46,2,100
217,2025-03-03,11,5,14
218,2025-01-12,38,1,40
219,2025-01-08,37,7,51
220,2025-01-02,46,4,10
221,2025-03-22,38,4,14
222,2025-05-15,45,5,88
223,2025-05-13,39,2,73
224,2025-02-10,3,6,69
225,2025-05-26,28,6,9
226,2025-01-13,33,6,2
227,2025-02-25,27,8,14
228,2025-03-13,28,6,82
229,2025-03-13,30,3,56
230,2025-01-29,12,9,84
231,2025-03-03,18,10,69
232,2025-03-23,50,8,60
233,2025-04-16,28,10,35
234,2025-05-15,21,4,12
235,2025-06-06,18,8,32
236,2025-01-07,49,8,73
237,2025-03-01,40,7,44
238,2025-02-27,2,8,42
239,2025-01-26,12,8,28
240,2025-06-04,23,5,44
241,2025-04-21,18,10,90
242,2025-02-22,18,9,2
243,2025-02-14,34,4,11
244,2025-01-29,16,7,63
245,2025-06-14,36,4,89
246,2025-05-20,31,8,58
247,2025-02-22,2,2,38
248,2025-05-17,15,7,89
249,2025-02-20,16,5,85
250,2025-05-30,38,6,61
251,2025-04-03,36,9,45
252,2025-03-18,28,9,43
253,2025-01-27,23,8,35
254,2025-05-16,20,5,30
255,2025-02-10,8,4,41
256,2025-06-15,8,9,98
257,2025-03-06,45,3,25
258,2025-01-22,14,8,36
259,2025-03-07,47,10,98
260,2025-01-14,34,10,37
261,2024-12-26,7,4,38
262,2025-03-25,15,6,23
263,2025-03-10,20,1,91
264,2025-06-23,35,3,36
265,2025-03-10,3,1,71
266,2025-03-31,19,3,82
267,2025-01-26,49,8,14
268,2025-02-25,1,10,37
269,2025-01-18,31,8,57
270,2025-06-24,22,3,7
271,2025-06-09,17,8,15
272,2025-01-15,5,7,63
273,2025-01-01,5,10,81
274,2025-06-24,44,1,20
275,2025-04-12,10,10,39
276,2025-03-02,6,4,16
277,2025-04-27,36,7,78
278,2025-04-15,39,10,29
279,2025-01-31,50,9,49
280,2025-02-04,29,8,39
281,2025-05-26,38,7,40
282,2025-05-05,37,10,8
283,2025-02-17,40,2,98
284,2025-04-02,14,4,34
285,2025-04-21,43,2,21
286,2025-02-10,16,3,71
287,2025-05-11,5,3,1
288,2025-02-14,27,8,89
289,2025-01-24,39,8,38
290,2025-01-12,3,4,37
291,2025-02-11,46,5,90
292,2025-04-19,30,2,88
293,2025-06-01,15,5,81
294,2025-01-02,38,4,55
295,2025-01-11,8,9,29
296,2025-02-05,42,3,35
297,2025-01-19,10,2,8
298,2025-01-05,11,5,77
299,2025-01-19,48,10,37
300,2025-01-27,29,2,60
301,2025-03-18,45,5,90
302,2025-05-07,26,5,65
303,2025-03-07,35,8,57
304,2025-03-18,6,10,6
305,2025-06-08,28,6,78
306,2025-01-12,17,1,12
307,2025-06-15,15,10,76
308,2025-05-19,2,5,74
309,2025-05-30,3,3,61
310,2025-01-12,34,8,36
311,2025-05-14,12,10,56
312,2025-03-06,41,8,12
313,2025-04-22,31,6,53
314,2025-02-20,22,6,86
315,2025-02-22,7,3,43
316,2025-05-03,27,8,37
317,2025-01-22,43,7,98
318,2025-02-21,36,1,59
319,2025-04-11,6,6,33
320,2025-05-19,21,2,99
321,2025-01-31,26,9,1
322,2025-01-31,43,9,60
323,2025-01-23,27,1,25
324,2025-05-08,34,6,80
325,2025-04-13,49,8,81
326,2025-06-09,29,1,27
327,2025-04-17,18,9,17
328,2025-04-09,19,8,90
329,2025-06-20,32,2,4
330,2025-01-03,41,10,31
331,2025-02-04,46,3,40
332,2025-02-04,36,1,71
333,2024-12-31,27,2,29
334,2025-02-22,8,8,16
335,2025-06-02,42,3,64
336,2025-06-23,46,5,66
337,2025-01-13,46,5,54
338,2025-03-11,31,8,32
339,2024-12-26,30,9,19
340,2025-04-14,25,4,77
341,2025-03-30,33,3,9
342,2025-06-14,18,7,44
343,2025-04-30,33,5,1
344,2025-05-03,19,5,76
345,2025-06-01,38,8,20
346,2025-03-29,29,9,62
347,2025-05-07,23,6,71
348,2025-05-24,49,9,49
349,2025-05-10,30,6,25
350,2025-04-22,45,4,74
351,2025-02-05,25,4,100
352,2025-04-30,27,1,41
353,2025-03-30,48,8,91
354,2025-01-26,25,7,85
355,2025-05-15,42,3,64
356,2025-04-16,3,3,65
357,2025-05-23,38,6,13
358,2025-05-21,29,2,68
359,2025-01-25,30,1,93
360,2025-05-10,10,7,84
361,2025-03-14,10,2,61
362,2025-03-31,17,6,80
363,2025-05-10,45,7,84
364,2025-06-12,6,6,87
365,2025-05-05,35,7,41
366,2025-06-07,41,8,70
367,2025-02-24,3,10,9
368,2025-04-28,16,5,30
369,2025-01-01,48,2,56
370,2025-04-13,7,2,57
371,2025-05-24,11,5,4
372,2025-04-23,3,6,8
373,2025-02-13,19,6,48
374,2025-06-03,28,3,32
375,2025-04-18,34,7,73
376,2025-04-28,44,3,22
377,2025-03-05,12,2,79
378,2025-04-21,25,10,88
379,2025-05-08,16,8,75
380,2025-05-08,10,4,60
381,2025-06-15,41,5,59
382,2025-01-10,17,1,60
383,2025-05-15,19,9,21
384,2025-04-05,5,8,45
385,2024-12-24,38,5,82
386,2025-04-11,28,5,59
387,2025-02-28,20,4,50
388,2025-06-11,31,2,31
389,2025-02-24,25,10,46
390,2025-01-23,37,5,90
391,2025-05-04,19,1,85
392,2025-04-21,26,5,2
393,2025-06-09,37,1,78
394,2025-05-23,48,8,37
395,2025-03-08,50,4,78
396,2025-02-02,23,4,82
397,2025-03-26,13,10,33
398,2025-02-04,44,3,81
399,2025-06-08,7,1,40
400,2025-02-23,29,1,75
401,2025-04-13,24,3,12
402,2025-05-07,19,6,96
403,2025-04-21,27,3,26
404,2025-04-17,9,9,47
405,2025-04-18,34,9,35
406,2025-05-09,11,5,62
407,2025-01-09,19,6,15
408,2025-05-20,30,2,19
409,2025-01-24,49,4,87
410,2024-12-30,47,7,72
411,2025-04-10,24,2,51
412,2025-02-14,1,5,69
413,2025-04-12,8,8,48
414,2025-02-08,44,5,75
415,2025-04-19,25,6,14
416,2024-12-31,44,4,61
417,2025-06-03,2,10,72
418,2024-12-24,21,10,29
419,2025-04-17,42,2,82
420,2025-05-18,30,5,84
421,2025-04-08,27,2,18
422,2025-06-22,3,1,39
423,2025-01-07,32,2,13
424,2025-02-07,16,9,18
425,2025-06-23,25,8,48
426,2025-04-23,43,9,54
427,2025-04-11,38,3,54
428,2024-12-30,42,2,63
429,2025-03-25,40,7,36
430,2025-03-30,3,6,28
431,2025-06-11,29,8,31
432,2025-05-22,24,2,88
433,2025-01-26,24,9,83
434,2025-05-03,23,1,51
435,2025-01-10,18,4,16
436,2025-02-09,30,2,85
437,2025-03-24,14,10,3
438,2025-01-23,4,6,32
439,2025-04-29,9,10,27
440,2025-04-27,5,9,27
441,2025-01-22,38,4,30
442,2025-03-05,22,3,77
443,2025-05-25,1,5,19
444,2025-04-24,9,9,33
445,2025-01-25,12,2,85
446,2025-06-04,2,3,2
447,2025-03-08,23,4,76
448,2025-05-05,21,1,23
449,2025-01-31,17,1,17
450,2025-03-04,48,7,68
451,2025-01-12,8,2,61
452,2025-04-27,29,6,66
453,2025-03-22,38,2,58
454,2025-03-08,33,4,79
455,2025-03-25,3,9,39
456,2025-04-15,30,1,8
457,2025-01-25,31,7,55
458,2025-03-19,44,2,63
459,2025-03-08,46,8,10
460,2025-01-26,6,6,78
461,2024-12-31,10,2,17
462,2025-01-09,18,10,82
463,2025-05-18,38,9,92
464,2025-05-26,21,7,77
465,2025-02-14,34,5,59
466,2025-01-09,33,10,56
467,2025-06-12,7,2,84
468,2024-12-26,42,9,93
469,2025-01-01,14,7,58
470,2025-05-23,15,7,44
471,2025-04-17,30,7,54
472,2025-03-09,47,2,41
473,2025-03-27,28,6,86
474,2025-06-15,17,6,20
475,2025-02-17,44,8,9
476,2025-06-21,6,2,12
477,2025-02-04,28,2,96
478,2025-06-17,48,6,17
479,2025-02-19,36,1,76
480,2025-03-06,36,9,43
481,2025-01-29,43,2,53
482,2025-04-18,23,7,93
483,2025-04-21,4,5,77
484,2025-05-06,20,6,14
485,2025-01-13,37,9,28
486,2025-05-26,10,8,29
487,2025-06-22,7,6,72
488,2025-04-17,24,2,98
489,2025-02-16,18,10,29
490,2025-02-08,28,9,99
491,2025-02-04,40,10,87
492,2025-05-19,42,9,4
493,2025-04-20,39,5,4
494,2025-01-17,12,5,90
495,2025-02-28,49,5,44
496,2025-01-19,23,1,24
497,2025-06-12,10,10,85
498,2025-04-09,26,2,19
499,2025-06-06,48,1,12
500,2025-04-29,48,9,28
501,2025-02-11,25,7,59
502,2025-04-29,22,3,48
503,2025-01-11,20,6,100
504,2025-01-09,37,10,11
505,2024-12-26,4,3,21
506,2025-04-28,49,10,7
507,2025-01-10,44,2,35
508,2025-06-11,29,7,63
509,2025-05-04,39,8,54
510,2025-03-27,18,4,97
511,2025-01-13,33,2,45
512,2025-04-19,28,2,37
513,2025-03-23,44,10,63
514,2025-06-15,34,5,6
515,2025-05-31,15,7,77
516,2025-05-01,4,1,27
517,2025-04-28,20,4,99
518,2025-04-07,9,5,38
519,2025-03-07,21,2,1
520,2025-03-27,32,7,23
521,2025-02-25,9,7,69
522,2025-04-04,46,4,65
523,2024-12-27,36,6,10
524,2025-01-03,26,1,56
525,2025-05-11,2,8,10
526,2025-01-01,21,10,55
527,2025-06-12,37,7,91
528,2025-05-22,41,7,38
529,2025-02-23,8,7,3
530,2025-04-28,21,3,80
531,2025-01-10,30,6,12
532,2025-04-24,28,2,32
533,2025-04-13,28,10,52
534,2025-03-15,34,2,51
535,2025-03-18,20,6,29
536,2025-02-01,22,3,10
537,2025-01-08,33,2,68
538,2025-04-29,33,4,100
539,2025-05-10,23,6,94
540,2025-04-08,42,3,31
541,2025-04-02,7,3,33
542,2025-06-07,13,3,78
543,2025-06-04,10,2,23
544,2025-03-27,50,8,60
545,2025-04-19,49,10,98
546,2025-01-19,38,8,88
547,2025-05-03,37,10,42
548,2025-02-25,41,6,20
549,2025-01-18,29,2,61
550,2025-02-27,29,5,36
551,2025-02-18,38,1,46
552,2025-03-10,33,2,40
553,2025-05-20,30,8,5
554,2025-02-03,4,6,37
555,2025-05-19,5,2,79
556,2025-04-27,39,9,50
557,2025-02-26,30,10,71
558,2025-04-10,48,1,58
559,2025-02-02,37,4,42
560,2025-05-17,39,8,65
561,2025-01-24,10,1,58
562,2025-02-19,7,6,92
563,2025-05-17,6,9,83
564,2025-02-03,12,1,32
565,2025-02-03,46,8,57
566,2025-01-23,34,9,79
567,2025-05-25,11,6,48
568,2025-03-12,19,7,53
569,2025-03-21,50,6,87
570,2025-03-16,39,1,81
571,2025-02-17,42,6,9
572,2025-06-21,22,2,72
573,2025-06-11,44,7,37
574,2025-04-11,17,10,20
575,2025-03-08,22,2,75
576,2025-05-04,43,3,45
577,2025-02-19,20,7,17
578,2025-02-26,39,2,40
579,2025-06-14,36,7,83
580,2025-05-06,22,3,86
581,2025-06-17,45,9,12
582,2025-02-04,42,7,66
583,2025-01-08,24,1,47
584,2025-04-21,20,3,28
585,2025-03-24,22,8,25
586,2025-04-11,15,3,20
587,2025-05-13,5,5,13
588,2025-02-16,33,9,95
589,2025-03-30,34,1,85
590,2025-04-07,22,10,17
591,2025-05-04,39,7,20
592,2025-06-02,11,3,89
593,2025-06-09,50,10,22
594,2025-01-20,47,8,6
595,2024-12-29,27,6,87
596,2024-12-24,47,4,57
597,2025-03-02,40,5,97
598,2025-04-10,48,8,30
599,2025-04-10,35,4,40
600,2025-03-04,31,4,48
601,2025-06-15,44,10,57
602,2025-02-25,30,5,100
603,2025-04-10,25,9,68
604,2025-05-14,27,3,26
605,2025-01-10,39,3,33
606,2025-05-11,4,8,48
607,2025-03-03,36,2,92
608,2025-01-21,34,2,37
609,2025-02-03,6,3,35
610,2025-02-12,29,9,19
611,2025-06-20,28,2,29
612,2025-01-14,29,6,4
613,2025-02-18,27,1,51
614,2025-02-24,33,6,31
615,2025-03-12,25,2,48
616,2025-01-26,15,1,41
617,2025-03-13,7,6,19
618,2025-06-17,9,1,37
619,2025-03-28,31,3,98
620,2025-05-31,46,8,58
621,2024-12-30,40,1,11
622,2025-02-14,2,5,28
623,2025-05-11,10,9,94
624,2025-03-08,39,9,55
625,2025-05-21,8,5,31
626,2025-03-07,20,2,7
627,2025-04-06,16,7,82
628,2025-01-05,40,8,9
629,2025-03-26,8,8,77
630,2025-04-08,35,1,81
631,2025-03-15,33,10,31
632,2025-04-29,46,3,38
633,2025-02-22,28,1,79
634,2025-06-09,23,4,74
635,2025-01-04,27,3,86
636,2025-06-03,43,2,68
637,2025-02-03,24,2,68
638,2025-03-19,35,9,65
639,2025-04-17,36,1,50
640,2025-05-12,31,1,82
641,2025-04-02,25,6,33
642,2025-01-02,48,1,46
643,2025-05-26,5,6,31
644,2025-06-22,47,2,99
645,2025-05-24,38,6,18
646,2025-03-13,3,6,70
647,2025-05-24,22,3,100
648,2025-05-20,44,8,90
649,2025-04-09,31,3,18
650,2025-02-26,5,8,5
651,2025-02-11,19,4,6
652,2025-05-30,13,1,41
653,2025-04-20,20,9,51
654,2025-05-10,35,8,33
655,2025-02-01,3,4,37
656,2025-02-19,23,1,84
657,2025-05-05,22,5,16
658,2025-04-18,24,7,52
659,2025-01-21,48,8,50
660,2025-01-26,22,3,64
661,2025-01-30,45,8,48
662,2025-01-15,34,5,11
663,2025-02-28,47,7,11
664,2025-03-01,28,10,24
665,2025-03-28,35,5,42
666,2025-06-22,7,2,42
667,2025-06-07,43,5,40
668,2025-05-27,29,10,92
669,2025-01-21,28,3,89
670,2025-04-15,29,6,58
671,2025-03-30,3,6,79
672,2025-06-02,28,5,82
673,2025-03-10,4,2,86
674,2025-03-27,41,7,47
675,2025-05-21,33,3,4
676,2025-04-17,10,10,87
677,2025-06-24,29,1,17
678,2025-06-24,5,4,100
679,2025-03-03,42,6,47
680,2025-01-24,25,10,5
681,2025-01-18,39,3,87
682,2025-06-04,29,6,48
683,2024-12-29,29,2,74
684,2024-12-25,9,9,47
685,2025-04-24,26,6,84
686,2025-04-05,18,4,15
687,2025-06-01,2,3,64
688,2025-02-07,34,7,72
689,2025-05-13,8,5,100
690,2025-06-12,17,8,28
691,2025-01-10,40,5,89
692,2025-06-15,32,4,16
693,2025-03-23,9,2,58
694,2025-06-12,12,8,12
695,2025-05-23,44,6,86
696,2025-01-13,23,2,71
697,2025-03-20,35,5,39
698,2025-04-24,11,3,47
699,2025-01-16,33,4,16
700,2025-05-22,13,3,31
701,2025-03-08,32,1,47
702,2025-06-23,36,10,48
703,2025-05-27,30,9,17
704,2025-06-21,40,2,9
705,2025-05-20,20,7,92
706,2025-02-23,47,8,68
707,2025-03-27,27,7,74
708,2025-02-19,5,3,41
709,2025-01-07,42,2,58
710,2025-02-18,30,9,45
711,2025-04-04,9,9,82
712,2025-01-24,38,3,99
713,2025-04-13,9,7,65
714,2025-06-19,4,2,67
715,2025-05-09,10,5,22
716,2025-04-06,11,6,91
717,2025-01-02,15,6,67
718,2025-02-07,19,2,33
719,2025-06-22,13,9,36
720,2025-02-17,9,5,79
721,2025-02-27,35,2,65
722,2025-03-26,42,3,76
723,2025-05-05,38,3,22
724,2025-02-10,43,10,93
725,2025-06-15,39,6,73
726,2025-06-20,3,1,11
727,2025-04-21,3,10,34
728,2025-04-23,42,4,99
729,2025-01-13,37,7,80
730,2025-03-20,41,1,64
731,2025-03-20,41,9,38
732,2025-05-24,42,5,62
733,2025-05-15,16,7,39
734,2025-06-23,30,2,89
735,2025-01-20,4,3,57
736,2025-05-27,27,8,60
737,2025-03-31,14,6,78
738,2025-04-07,10,6,92
739,2025-03-21,21,6,52
740,2025-03-04,9,6,66
741,2025-06-05,36,2,41
742,2025-03-01,16,8,16
743,2025-06-13,18,8,32
744,2025-05-07,10,2,7
745,2025-04-14,19,7,79
746,2025-01-30,27,4,21
747,2025-05-28,21,10,93
748,2025-04-03,21,4,98
749,2025-04-06,11,8,66
750,2025-03-31,30,8,40
751,2025-02-27,32,1,12
752,2025-03-06,26,9,59
753,2025-02-02,16,4,75
754,2025-05-27,23,1,7
755,2025-03-09,19,8,77
756,2025-05-19,42,8,37
757,2025-04-18,35,1,14
758,2025-05-23,28,3,34
759,2025-04-15,47,6,98
760,2025-04-11,26,6,6
761,2025-01-15,26,1,73
762,2025-02-06,36,4,47
763,2025-05-24,36,5,10
764,2025-06-05,25,9,58
765,2025-06-24,49,9,36
766,2025-05-07,40,10,16
767,2025-04-12,9,2,51
768,2025-05-21,24,6,72
769,2025-02-14,24,3,26
770,2025-05-22,39,9,52
771,2025-01-24,33,1,6
772,2024-12-31,3,3,92
773,2025-01-03,22,8,67
774,2025-06-14,30,3,78
775,2025-04-24,33,3,42
776,2025-02-04,40,6,21
777,2025-01-23,26,10,95
778,2025-05-24,20,10,44
779,2025-01-22,33,9,69
780,2025-04-28,32,10,39
781,2025-03-08,31,1,48
782,2025-02-22,22,2,54
783,2025-06-12,38,5,93
784,2025-03-28,45,1,77
785,2025-04-14,31,5,84
786,2025-03-13,50,10,74
787,2025-06-23,15,1,75
788,2025-06-14,31,3,68
789,2025-06-08,41,10,100
790,2025-05-25,25,3,88
791,2025-01-26,16,1,74
792,2025-03-28,45,2,25
793,2025-02-11,2,8,41
794,2025-05-06,27,3,53
795,2025-03-13,45,4,53
796,2025-06-21,33,10,61
797,2025-04-02,48,1,91
798,2025-02-13,9,9,27
799,2025-05-11,36,6,85
800,2025-03-15,31,9,49
801,2025-01-15,21,3,59
802,2025-05-24,35,6,70
803,2025-05-04,23,5,79
804,2025-04-15,31,4,32
805,2025-06-03,18,9,39
806,2025-01-04,15,5,99
807,2025-03-29,19,4,89
808,2025-06-11,46,8,41
809,2025-03-03,31,6,72
810,2025-04-09,47,5,37
811,2025-01-28,8,10,87
812,2025-02-15,35,7,51
813,2025-03-21,23,3,38
814,2025-06-04,3,5,92
815,2025-04-11,6,6,57
816,2025-06-06,42,5,96
817,2025-01-10,31,4,26
818,2025-03-11,35,5,72
819,2025-02-04,45,5,18
820,2025-05-08,7,10,95
821,2025-04-17,38,4,32
822,2025-03-26,4,9,29
823,2025-01-21,41,4,7
824,2025-03-10,7,7,43
825,2025-06-14,46,8,13
826,2025-06-03,44,3,1
827,2025-04-15,36,3,53
828,2025-03-24,42,8,62
829,2025-06-23,42,4,97
830,2025-06-23,19,6,37
831,2025-03-11,42,1,99
832,2025-02-01,6,10,30
833,2025-05-09,35,1,23
834,2025-01-14,27,3,5
835,2025-05-02,26,8,24
836,2025-05-13,48,5,5
837,2025-04-22,1,5,73
838,2025-01-29,39,2,43
839,2025-04-22,19,8,83
840,2025-02-01,35,9,64
841,2025-04-06,9,9,60
842,2025-04-14,18,4,15
843,2025-06-11,22,3,94
844,2025-03-17,30,5,92
845,2025-04-20,12,1,95
846,2025-03-04,22,5,73
847,2025-02-25,44,4,23
848,2025-06-17,40,7,55
849,2025-05-22,33,6,12
850,2024-12-25,26,2,24
851,2025-05-11,9,8,42
852,2025-06-17,16,1,34
853,2025-02-14,25,4,58
854,2025-06-02,49,5,43
855,2025-04-17,20,10,93
856,2025-05-24,37,1,34
857,2025-04-19,42,6,89
858,2025-04-13,16,1,86
859,2025-02-12,8,8,40
860,2025-03-28,11,7,88
861,2025-06-09,33,5,89
862,2025-06-06,8,5,48
863,2025-05-30,40,4,29
864,2025-04-05,9,8,20
865,2025-03-22,30,10,48
866,2025-05-06,27,9,61
867,2025-02-22,49,9,86
868,2025-01-17,14,4,88
869,2025-05-11,49,10,11
870,2025-05-01,34,8,68
871,2025-04-19,46,6,10
872,2025-03-26,37,2,8
873,2025-05-22,36,9,26
874,2025-04-07,37,9,20
875,2025-03-26,11,6,67
876,2025-01-03,29,2,88
877,2025-04-01,14,10,63
878,2025-03-07,6,9,58
879,2025-04-13,4,8,17
880,2025-04-29,33,7,59
881,2025-06-02,37,1,72
882,2025-03-08,30,5,93
883,2025-03-27,2,7,33
884,2025-05-17,1,4,75
885,2025-03-23,5,1,55
886,2025-02-04,23,2,70
887,2025-02-20,4,2,61
888,2025-02-28,3,5,53
889,2025-01-12,12,3,99
890,2025-01-05,42,7,48
891,2025-06-09,25,8,49
892,2025-05-20,25,2,88
893,2025-04-20,43,9,18
894,2025-05-18,42,6,16
895,2025-04-12,12,9,51
896,2025-01-24,34,3,94
897,2025-04-13,15,1,97
898,2025-06-19,2,5,60
899,2025-06-23,44,9,55
900,2025-02-08,35,7,30
901,2025-06-14,16,8,45
902,2025-06-04,10,5,25
903,2025-04-10,47,2,5
904,2025-02-17,43,7,79
905,2025-06-04,50,1,31
906,2025-02-21,14,2,13
907,2025-01-28,39,1,58
908,2025-03-19,39,1,32
909,2025-03-21,48,1,52
910,2025-05-24,29,4,70
911,2025-05-16,14,1,18
912,2025-05-21,33,5,30
913,2025-01-05,47,10,41
914,2025-02-05,37,10,99
915,2025-02-06,44,6,31
916,2025-06-18,20,3,85
917,2025-05-25,34,4,53
918,2025-05-21,20,5,8
919,2025-04-17,36,10,95
920,2025-02-18,12,7,72
921,2025-05-12,32,1,45
922,2025-05-12,42,7,68
923,2025-01-17,21,7,53
924,2025-01-16,10,5,49
925,2024-12-27,12,9,61
926,2025-04-17,16,4,39
927,2025-01-27,46,3,60
928,2025-05-06,4,9,53
929,2025-03-14,27,9,68
930,2024-12-24,9,7,32
931,2025-04-05,17,4,43
932,2025-02-21,42,2,58
933,2025-04-28,24,2,69
934,2024-12-30,47,4,7
935,2025-01-05,18,7,87
936,2025-02-08,39,10,6
937,2025-02-11,5,4,98
938,2025-03-09,38,9,28
939,2025-04-19,31,4,43
940,2025-03-23,20,1,28
941,2025-05-07,13,2,96
942,2025-03-08,49,8,32
943,2025-04-03,45,10,91
944,2025-04-04,14,7,31
945,2025-04-01,36,6,100
946,2025-05-04,19,7,60
947,2025-05-09,35,6,40
948,2025-01-01,17,6,66
949,2025-04-30,32,8,13
950,2025-01-09,47,8,98
951,2025-02-16,21,4,48
952,2025-03-31,21,7,6
953,2025-04-29,37,4,95
954,2025-02-16,10,1,34
955,2025-06-06,36,10,75
956,2025-04-03,47,7,38
957,2025-02-20,10,4,43
958,2025-05-16,15,7,73
959,2025-04-28,16,8,71
960,2025-01-26,42,6,33
961,2025-05-30,49,8,93
962,2025-04-20,42,8,59
963,2025-02-19,11,6,22
964,2025-06-20,9,9,63
965,2025-05-10,12,9,83
966,2025-04-10,4,9,5
967,2024-12-30,5,1,98
968,2025-02-18,1,7,18
969,2025-03-13,41,4,9
970,2025-05-15,46,3,2
971,2025-05-17,14,9,59
972,2025-06-05,24,1,80
973,2025-01-15,41,10,62
974,2025-06-22,43,8,3
975,2025-03-06,1,9,71
976,2025-02-01,27,1,3
977,2025-02-27,34,5,69
978,2025-02-25,19,1,65
979,2025-01-29,45,7,23
980,2025-01-27,7,2,68
981,2025-06-09,10,4,25
982,2025-03-05,40,9,33
983,2025-03-11,23,5,51
984,2025-04-07,6,6,52
985,2025-03-12,30,10,32
986,2025-06-02,45,4,39
987,2025-06-06,44,2,84
988,2025-04-22,42,1,12
989,2025-01-21,26,7,49
990,2025-01-23,36,8,8
991,2025-01-08,41,1,90
992,2025-01-10,11,2,64
993,2025-01-07,28,6,73
994,2025-04-22,7,9,6
995,2025-02-25,15,4,89
996,2025-05-09,37,8,35
997,2025-04-22,3,2,88
998,2025-02-11,18,9,73
999,2025-06-13,43,1,23
1000,2025-06-17,21,1,27
